name,type,category,sourceBlock,line,alreadyWindowExposed,neededGlobalByInlineHandler
DEFAULT_DATA,assign,state,main,4034,False,False
state,assign,state,main,4062,False,False
currentPage,assign,state,main,4078,False,False
RBAC,iife,rbac,main,4084,False,False
updateSidebarUserDisplay,function,rbac,main,4396,False,False
draggedTaskId,assign,state,main,4414,False,False
kanbanDraggedId,assign,kanban,main,4415,False,False
kanbanDraggedSubtask,assign,kanban,main,4416,False,False
charts,assign,state,main,4417,False,False
FirebaseDB,iife,firebase,main,4424,False,False
RealtimeSync,iife,sync,main,4816,False,False
PendingSyncQueue,iife,sync,main,5283,False,False
SyncState,iife,sync,main,5393,False,False
DebounceWrite,iife,sync,main,5408,False,False
_refreshSyncDotForEntity,function,sync,main,5451,False,False
_retrySingleEntity,function,sync,main,5466,False,True
loadState,function,state,main,5529,False,False
SaveManager,iife,sync,main,5561,False,False
saveState,function,sync,main,5597,False,False
saveStateImmediate,function,sync,main,5602,False,False
resetData,function,state,main,5607,False,True
_domCache,assign,utils-core,main,5616,False,False
$el,function,utils-core,main,5617,False,False
_clearDomCache,function,utils-core,main,5626,False,False
_userMap,assign,utils-core,main,5629,False,False
_invalidateMaps,function,utils-core,main,5630,False,False
getProject,function,utils-core,main,5632,False,False
getUser,function,utils-core,main,5636,False,False
getSprint,function,utils-core,main,5640,False,False
getTask,function,utils-core,main,5644,False,False
getEpic,function,epics,main,5648,False,False
invalidateStateMaps,function,utils-core,main,5653,False,False
_chartFingerprints,assign,charts,main,5656,False,False
_chartDataChanged,function,charts,main,5657,False,False
_invalidateChartFingerprints,function,charts,main,5663,False,False
_makeDebounce,function,main-bootstrap,main,5666,False,False
_addPassiveListener,function,main-bootstrap,main,5675,False,False
_rptFilterTimer,assign,reports,main,5681,False,False
_debouncedRenderReports,function,main-bootstrap,main,5682,False,False
_kanbanFilterTimer,assign,kanban,main,5688,False,False
_debouncedRenderKanban,function,main-bootstrap,main,5689,False,True
_backlogPlannerFilterTimer,assign,backlog-planner,main,5695,False,False
_debouncedRenderBacklogPlanner,function,main-bootstrap,main,5696,False,True
_sprintPlanFilterTimer,assign,sprint-planning,main,5702,False,False
_debouncedRenderSprintPlanning,function,main-bootstrap,main,5703,False,True
_spOnProjectFilterChange,function,sprint-planning,main,5709,False,True
_spSyncLabel,function,sprint-planning,main,5733,False,False
_epicsFilterTimer,assign,epics,main,5746,False,False
_debouncedRenderEpics,function,main-bootstrap,main,5747,False,True
_releaseBoardTimer,assign,releases,main,5753,False,False
_debouncedRenderReleaseBoard,function,main-bootstrap,main,5754,False,True
uid,function,utils-core,main,5759,False,False
stid,function,utils-core,main,5760,False,False
spid,function,utils-core,main,5761,False,False
ppid,function,utils-core,main,5762,False,False
muid,function,utils-core,main,5763,False,False
epid,function,utils-core,main,5764,False,False
_now,function,utils-core,main,5767,False,False
_qaPointsFor,function,task-domain-utils,main,5774,False,False
_qaUserPoints,function,task-domain-utils,main,5786,False,False
_qaItemBelongsTo,function,task-domain-utils,main,5790,False,False
cleanupEpicReferences,function,epics,main,5800,False,False
cleanupSprintReferences,function,task-domain-utils,main,5818,False,False
cleanupReleaseReferences,function,releases,main,5846,False,False
cleanupMemberReferences,function,task-domain-utils,main,5862,False,False
getEpicTasks,function,epics,main,5883,False,False
getEpicProgress,function,epics,main,5884,False,False
getEpicStoryPoints,function,epics,main,5894,False,False
epicStatusBadgeClass,function,task-domain-utils,main,5900,False,False
initials,function,utils-core,main,5905,False,False
randomColor,function,utils-core,main,5908,False,False
priorityColor,function,utils-core,main,5912,False,False
typeIcon,function,utils-core,main,5915,False,False
typeColor,function,utils-core,main,5918,False,False
formatDate,function,utils-core,main,5921,False,False
formatDateTime,function,utils-core,main,5926,False,False
_captureCreator,function,description-editor,main,5930,False,False
_createdByLabel,function,description-editor,main,5941,False,False
sprintDaysLeft,function,task-domain-utils,main,5948,False,False
sprintProgress,function,task-domain-utils,main,5952,False,False
userAvatar,function,task-domain-utils,main,5960,False,False
_initDescEditor,function,description-editor,main,5968,False,False
_sanitizeDescHTML,function,description-editor,main,6030,False,False
_getDescValue,function,description-editor,main,6065,False,False
_setDescValue,function,description-editor,main,6080,False,False
_MAX_NOTIFS,assign,notifications,main,6088,False,False
showNotif,function,utils,main,6089,False,True
applyRbacUI,function,rbac,main,6109,False,False
navigate,function,main-bootstrap,main,6147,False,True
_renderPageInProgress,assign,main-bootstrap,main,6182,False,False
renderPage,function,main-bootstrap,main,6183,False,False
_refreshAllTimer,assign,main-bootstrap,main,6215,False,False
refreshAll,function,main-bootstrap,main,6217,False,False
toggleSidebar,function,main-bootstrap,main,6254,False,True
updateSidebarProject,function,projects,main,6268,False,False
showProjectSwitcher,function,projects,main,6276,False,False
_getCtx,function,charts,main,6301,False,False
destroyCharts,function,charts,main,6308,False,False
_populateDashboardFilters,function,charts,main,6314,False,False
getRoleScopedAnalyticsData,function,task-domain-utils,main,6368,False,False
_sfDropRegistry,assign,sf-dropdown-widget,main,6458,False,False
_sfDropRegister,function,sf-dropdown-widget,main,6460,False,False
_sfDropGetOrCreate,function,sf-dropdown-widget,main,6464,False,False
_sfDropPosition,function,sf-dropdown-widget,main,6477,False,False
_sfDropToggle,function,sf-dropdown-widget,main,6493,False,True
_sfDropSelect,function,sf-dropdown-widget,main,6510,False,True
_sfAttrStr,function,sf-dropdown-widget,main,6531,False,True
_sfDropBuild,function,sf-dropdown-widget,main,6535,False,False
_sfDropSyncLabel,function,sf-dropdown-widget,main,6553,False,False
_dashSprintGetOrCreateDrop,function,dashboard,main,6618,False,False
_dashSprintDropToggle,function,dashboard,main,6620,False,True
_dashSprintSelect,function,dashboard,main,6622,False,False
renderDashboard,function,dashboard,main,6624,False,True
renderProjects,function,project-cards,main,6961,False,False
getVisibleProjects,function,task-domain-utils,main,7033,False,False
selectProject,function,projects,main,7037,False,True
_bulkSelect,assign,bulk-select,main,7051,False,False
_blKeyProject,function,backlog-planner,main,7054,False,False
_blKeySprint,function,backlog-planner,main,7064,False,False
_blCanAdd,function,backlog-planner,main,7075,False,False
_blToggleTask,function,backlog-planner,main,7089,False,True
_blToggleSubtask,function,backlog-planner,main,7110,False,True
_blClearAll,function,backlog-planner,main,7129,False,True
_blSyncGroupHeaders,function,backlog-planner,main,7140,False,False
_blToggleGroupAll,function,backlog-planner,main,7153,False,True
_blUpdateBar,function,backlog-planner,main,7193,False,False
_blToast,function,backlog-planner,main,7219,False,False
_blSuccessToast,function,backlog-planner,main,7231,False,False
_blSubRows,function,backlog-planner,main,7243,False,False
_blPanelCleanup,assign,backlog-planner,main,7246,False,False
_blClosePanel,function,backlog-planner,main,7247,False,False
_blOpenPanel,function,backlog-planner,main,7252,False,False
_blAction,function,backlog-planner,main,7295,False,True
_blResolvedItems,function,backlog-planner,main,7312,False,False
_blDoAssign,function,backlog-planner,main,7327,False,False
_blApplyAssign,function,backlog-planner,main,7351,False,True
_blDoStatus,function,backlog-planner,main,7366,False,False
_blApplyStatus,function,backlog-planner,main,7373,False,True
_blDoProducts,function,backlog-planner,main,7412,False,False
_blApplyProduct,function,backlog-planner,main,7428,False,True
_blDoTags,function,backlog-planner,main,7454,False,False
_blApplyTag,function,backlog-planner,main,7470,False,True
_blDoThemes,function,backlog-planner,main,7495,False,False
_blApplyTheme,function,backlog-planner,main,7511,False,True
_blDoEpic,function,backlog-planner,main,7527,False,False
_blApplyEpic,function,backlog-planner,main,7576,False,True
_blDoSprint,function,backlog-planner,main,7612,False,False
_blApplySprint,function,backlog-planner,main,7625,False,True
_blDoDelete,function,backlog-planner,main,7644,False,False
_blGetCommonValue,function,backlog-planner,main,7682,False,False
_esc,function,utils-core,main,7688,False,True
_blRerenderCurrentView,function,backlog-planner,main,7693,False,False
STATUS_META,assign,task-domain-utils,main,7709,False,False
statusLabel,function,task-domain-utils,main,7722,False,False
statusBadgeClass,function,task-domain-utils,main,7723,False,False
DONE_STATUSES,assign,task-domain-utils,main,7726,False,False
SPILLOVER_DONE_STATUSES,assign,task-domain-utils,main,7736,False,False
LOCKED_TASK_STATUSES,assign,task-domain-utils,main,7741,False,False
isTaskLocked,function,task-domain-utils,main,7743,False,False
canReleaseItem,function,releases,main,7754,False,False
canChangeTaskStatus,function,task-domain-utils,main,7763,False,False
resolveRollbackStatus,function,task-domain-utils,main,7783,False,False
_QA_STAGES,assign,task-domain-utils,main,7791,False,False
_DEV_STAGES,assign,task-domain-utils,main,7792,False,False
_trackQAReopen,function,task-domain-utils,main,7794,False,False
EPIC_STATUS_ORDER,assign,task-domain-utils,main,7808,False,False
canChangeEpicStatus,function,epics,main,7810,False,False
isEpicLocked,function,epics,main,7826,False,False
isReleaseLocked,function,releases,main,7836,False,False
isProjectCompleted,function,projects,main,7839,False,False
isSprintCompleted,function,task-domain-utils,main,7842,False,False
getSubtasks,function,task-domain-utils,main,7845,False,False
subtaskProgress,function,task-domain-utils,main,7849,False,False
subtaskStatusDot,function,task-domain-utils,main,7855,False,False
canMoveToClosedStatus,function,task-domain-utils,main,7859,False,False
subtaskAssigneeAvatars,function,task-domain-utils,main,7868,False,False
taskRow,function,task-domain-utils,main,7874,False,False
toggleBacklogSubtasks,function,tasks-subtasks,main,7932,False,True
_BLP_VALUE_WEIGHT,assign,backlog-planner,main,7954,False,False
_BLP_POINTS_PER_MEMBER,assign,backlog-planner,main,7963,False,False
_BLP_ROLE_POINTS,assign,backlog-planner,main,7968,False,False
_blpCapacityTouched,assign,backlog-planner,main,7975,False,False
_blpMemberPoints,function,backlog-planner,main,7980,False,False
_blpIdealCapacity,function,backlog-planner,main,7986,False,False
_blpUseIdealCapacity,function,backlog-planner,main,8018,False,True
_sprintUtilization,function,sprint-planning,main,8027,False,False
_sprintUtilizationBadgeHtml,function,sprint-planning,main,8039,False,False
_blpUrgencyScore,function,backlog-planner,main,8044,False,False
_blpAgingScore,function,backlog-planner,main,8057,False,False
computeBacklogPriorityScore,function,backlog-planner,main,8067,False,False
renderBacklogPlanner,function,backlog-planner,main,8076,False,False
renderSprintPlanning,function,sprint-planning,main,8205,False,False
sprintTaskChip,function,backlog-planner,main,8493,False,False
taskDragStart,function,kanban,main,8512,False,True
taskDragEnd,function,kanban,main,8517,False,True
sprintDragOver,function,sprint-planning,main,8521,False,True
sprintDragLeave,function,sprint-planning,main,8527,False,True
sprintDrop,function,sprint-planning,main,8534,False,True
removeTaskFromSprint,function,tasks-subtasks,main,8573,False,True
renderKanban,function,kanban,main,8592,False,False
_kanbanRenderProjectCache,assign,projects,main,8858,False,False
_kanbanRenderUserCache,assign,kanban,main,8859,False,False
_kanbanRenderEpicCache,assign,epics,main,8860,False,False
kanbanCard,function,kanban,main,8862,False,False
kanbanSubtaskCard,function,kanban,main,8911,False,False
kanbanDragStart,function,kanban,main,8940,False,True
kanbanDragEnd,function,kanban,main,8956,False,True
kanbanSubDragStart,function,kanban,main,8964,False,True
kanbanSubDragEnd,function,kanban,main,8980,False,True
_lastDragOverCol,assign,kanban,main,8988,False,False
kanbanDragOver,function,kanban,main,8989,False,True
kanbanDragLeave,function,kanban,main,9001,False,True
kanbanDrop,function,kanban,main,9008,False,True
_rptProdSort,assign,reports,main,9074,False,False
setSortProd,function,productivity-report,main,9075,False,True
_rptAdvFilters,assign,reports,main,9078,False,False
_rptAdvPending,assign,reports,main,9080,False,False
toggleRptFilterPanel,function,reports,main,9082,False,True
_rptPopulateAdvFilterDropdowns,function,reports,main,9113,False,False
applyRptAdvFilters,function,reports,main,9138,False,True
resetRptAdvFilters,function,reports,main,9149,False,True
removeRptAdvFilter,function,reports,main,9161,False,True
_rptActiveFilterCount,function,reports,main,9168,False,False
_rptUpdateActiveBadge,function,reports,main,9176,False,False
_rptUpdateActiveChips,function,reports,main,9188,False,False
_getFilteredReportsData,function,reports,main,9212,False,False
_rptFilteredTasks,function,reports,main,9262,False,False
_rptFilteredSprints,function,reports,main,9283,False,False
_rptHealthDot,function,reports,main,9292,False,False
_chartOpts,function,charts,main,9300,False,False
_fmtPts,function,charts,main,9339,False,False
renderProductivityTable,function,productivity-report,main,9347,False,True
renderReports,function,reports,main,9419,False,True
_applyWorkloadMemberFilter,function,teams,main,10152,False,True
_teamsViewMode,assign,teams,main,10220,False,False
setTeamsView,function,teams,main,10221,False,True
renderTeams,function,teams,main,10230,False,True
_teamsListHtml,function,teams,main,10351,False,False
_modalOpen,assign,modal-shared,main,10385,False,False
_modalCloseTimer,assign,modal-shared,main,10386,False,False
_modalEnsureVisible,function,modal-shared,main,10388,False,False
openModal,function,modal-shared,main,10403,False,False
replaceModal,function,modal-shared,main,10417,False,False
closeModal,function,modal-shared,main,10424,False,True
_isModalFullscreen,function,modal-shared,main,10447,False,False
_modalFullscreenIconHtml,function,modal-shared,main,10451,False,False
_modalFullscreenBtnHtml,function,modal-shared,main,10456,False,False
toggleModalFullscreen,function,modal-shared,main,10460,False,True
shareTaskLink,function,modal-shared,main,10518,False,True
shareSubtaskLink,function,modal-shared,main,10523,False,True
_copyShareLink,function,modal-shared,main,10528,False,False
_copyShareLinkFallback,function,modal-shared,main,10535,False,False
_DEEP_LINK_KEY,assign,modal-shared,main,10549,False,False
_resolveDeepLink,function,modal-shared,main,10550,False,False
_cleanDeepLinkParam,function,modal-shared,main,10588,False,False
_stashDeepLinkIfNeeded,function,modal-shared,main,10596,False,False
_cmCache,assign,comments,main,10619,False,False
_cmTaskFbPath,function,comments,main,10624,False,False
_cmSubFbPath,function,comments,main,10625,False,False
_cmFbPath,function,comments,main,10626,False,False
_cmCacheKey,function,comments,main,10629,False,False
_cmFirebaseRead,function,comments,main,10632,False,False
_cmLoad,function,comments,main,10656,False,False
_cmMigrateLegacy,function,comments,main,10694,False,False
_cmFirebaseWrite,function,comments,main,10741,False,False
_cmFirebaseUpdate,function,comments,main,10762,False,False
_cmFirebaseDelete,function,comments,main,10786,False,False
_cmUpdateMetadata,function,comments,main,10803,False,False
_cmInvalidate,function,comments,main,10825,False,False
_cmRollbackTask,function,comments,main,10834,True,False
_descCache,assign,description-editor,main,10862,False,False
_descTaskFbPath,function,description-editor,main,10865,False,False
_descSubFbPath,function,description-editor,main,10866,False,False
_descFbPath,function,description-editor,main,10867,False,False
_descCacheKey,function,description-editor,main,10870,False,False
_compressSingleImage,function,description-editor,main,10886,False,False
_compressImagesInHtml,function,description-editor,main,10936,False,False
_descGeneratePreview,function,description-editor,main,10975,False,False
_descFirebaseRead,function,description-editor,main,10983,False,False
_descLoad,function,description-editor,main,11002,False,False
_descMigrateLegacy,function,description-editor,main,11038,False,False
_descFirebaseSave,function,description-editor,main,11080,False,False
_descSave,function,description-editor,main,11098,False,False
_descUpdateMetadata,function,description-editor,main,11127,False,False
_descInvalidate,function,description-editor,main,11147,False,False
_descRollbackTask,function,description-editor,main,11155,True,False
_payloadCountImages,function,description-editor,main,11184,False,False
_payloadLargestImage,function,description-editor,main,11191,False,False
_payloadGetDescHtml,function,description-editor,main,11204,False,False
_payloadGetCommentText,function,description-editor,main,11216,False,False
_payloadComputeMeta,function,description-editor,main,11232,False,False
_payloadUpdateMetadata,function,description-editor,main,11265,False,False
_payloadFmtBytes,function,description-editor,main,11281,False,False
_payloadColor,function,description-editor,main,11289,False,False
_renderPayloadAnalysis,function,description-editor,main,11297,False,False
_cmId,function,comments,main,11402,False,False
_cmFormatTime,function,comments,main,11405,False,False
_cmCanComment,function,comments,main,11416,False,False
_cmCanEdit,function,comments,main,11432,False,False
_cmCanDelete,function,comments,main,11441,False,False
_cmRoleLabel,function,comments,main,11450,False,False
_cmRoleBadgeClass,function,comments,main,11457,False,False
_cmItemHtml,function,comments,main,11466,False,False
_cmSectionHtmlSync,function,comments,main,11497,False,False
_descHydrate,function,description-editor,main,11551,False,False
_cmSectionHtml,function,comments,main,11562,False,False
_cmInitEditor,function,comments,main,11575,False,False
_cmHydrate,function,comments,main,11582,False,False
_cmSubmit,function,comments,main,11595,False,True
_cmNotify,function,comments,main,11671,False,False
_cmRefreshSection,function,comments,main,11695,False,False
_cmStartEdit,function,comments,main,11710,False,True
_cmCancelEdit,function,comments,main,11730,False,True
_cmSaveEdit,function,comments,main,11739,False,True
_cmDeleteComment,function,comments,main,11785,False,True
openTaskModal,function,task-modal,main,11843,False,True
_drStampCompletionDate,function,delay-reports,main,12014,False,False
updateTaskStatus,function,tasks-subtasks,main,12022,False,True
deleteTask,function,tasks-subtasks,main,12061,False,True
openCreateSubtaskModal,function,tasks-subtasks,main,12081,False,True
createSubtask,function,tasks-subtasks,main,12204,False,True
openSubtaskModal,function,task-modal,main,12264,False,True
openEditSubtaskModal,function,tasks-subtasks,main,12396,False,True
saveSubtask,function,tasks-subtasks,main,12546,False,True
updateSubtaskStatus,function,tasks-subtasks,main,12623,False,True
deleteSubtask,function,tasks-subtasks,main,12661,False,True
_sprintOptionsForProject,function,sprint-planning,main,12685,False,False
_assigneeOptionsForProject,function,projects,main,12697,False,False
_qaAssigneeOptionsForProject,function,projects,main,12725,False,False
_ctFieldError,function,task-modal,main,12740,False,False
_ctClearErrors,function,task-modal,main,12755,False,False
_msState,assign,multiselect-widget,main,12768,False,False
initMultiSelect,function,multiselect-widget,main,12770,False,False
_msRender,function,multiselect-widget,main,12791,False,False
openCreateTaskModal,function,tasks-subtasks,main,12899,False,True
ctOnProjectChange,function,task-modal,main,13056,False,True
ctOnSprintChange,function,task-modal,main,13105,False,True
ctOnStartDateChange,function,task-modal,main,13116,False,True
createTask,function,tasks-subtasks,main,13125,False,True
openEditTaskModal,function,tasks-subtasks,main,13260,False,True
etOnProjectChange,function,task-modal,main,13481,False,True
etOnSprintChange,function,task-modal,main,13527,False,True
etOnStatusChange,function,task-modal,main,13538,False,True
etOnStartDateChange,function,task-modal,main,13557,False,True
cstOnStartDateChange,function,task-modal,main,13567,False,True
estOnStatusChange,function,task-modal,main,13577,False,True
estOnStartDateChange,function,task-modal,main,13596,False,True
saveTask,function,tasks-subtasks,main,13605,False,True
openCreateSprintModal,function,sprint-planning,main,13755,False,True
csOnStartDateChange,function,task-modal,main,13802,False,True
createSprint,function,sprint-planning,main,13811,False,True
openEditSprintModal,function,sprint-planning,main,13857,False,True
saveSprint,function,sprint-planning,main,13926,False,True
_openSprintCompletionModal,function,sprint-completion,main,14008,False,False
_scUpdateUI,function,sprint-completion,main,14099,False,True
_executeSprintCompletion,function,sprint-completion,main,14118,False,True
confirmDeleteSprint,function,sprint-planning,main,14234,False,True
openCreateProjectModal,function,projects,main,14260,False,True
createProject,function,projects,main,14327,False,True
_epToggleMember,function,epics,main,14364,False,True
openEditProjectModal,function,projects,main,14379,False,True
saveProjectEdit,function,projects,main,14469,False,True
deleteProject,function,projects,main,14504,False,True
toggleProjCard,function,projects,main,14526,False,True
_applyProjCardState,function,project-cards,main,14538,False,False
initProjCards,function,project-cards,main,14557,False,False
toggleEpicCard,function,epics,main,14582,False,True
_applyEpicCardState,function,epics,main,14592,False,False
initEpicCards,function,epics,main,14610,False,False
_viewerScopeUI,function,viewer-scope,main,14632,False,False
_cmToggleViewerScopeUI,function,viewer-scope,main,14650,False,True
_emToggleViewerScopeUI,function,viewer-scope,main,14651,False,True
_emSyncDeleteToggleVisibility,function,epics,main,14656,False,False
_emToggleDeleteFlag,function,epics,main,14663,False,True
openCreateMemberModal,function,teams,main,14673,False,True
createMember,function,teams,main,14790,False,True
openEditMemberModal,function,teams,main,14857,False,True
saveMember,function,teams,main,14989,False,True
deleteMember,function,teams,main,15058,False,True
renderEpics,function,epics,main,15086,False,False
openCreateEpicModal,function,epics,main,15180,False,True
createEpic,function,epics,main,15256,False,True
openEditEpicModal,function,epics,main,15302,False,True
saveEpic,function,epics,main,15402,False,True
deleteEpic,function,epics,main,15464,False,True
openEpicDetailModal,function,epics,main,15483,False,True
RELEASE_STATUSES,assign,release-domain,main,15551,False,False
rlid,function,utils-core,main,15554,False,False
getRelease,function,releases,main,15557,False,False
getReleaseTasks,function,releases,main,15559,False,False
getReleaseProgress,function,releases,main,15572,False,False
getReleaseStoryPoints,function,releases,main,15579,False,False
createRelease,function,releases,main,15587,False,False
_autoCreateReleaseForSprint,function,releases,main,15636,False,False
updateRelease,function,releases,main,15657,False,False
deleteRelease,function,releases,main,15686,False,False
RELEASE_VALIDATION_WARNINGS,assign,release-domain,main,15701,False,False
_releaseNotesTextLength,function,release-domain,main,15711,False,False
validateReleaseNotesForRelease,function,releases,main,15720,False,False
validateTaskStatusTransition,function,task-domain-utils,main,15732,False,False
saveReleases,function,releases,main,15745,False,False
loadReleases,function,releases,main,15749,False,False
RELEASE_STATUS_COLORS,assign,release-domain,main,15758,False,False
releaseStatusColor,function,release-domain,main,15764,False,False
releaseStatusBadge,function,release-domain,main,15765,False,False
getQueueTasks,function,release-domain,main,15768,False,False
toggleReleaseQueue,function,releases,main,15806,False,True
_rqDragTaskId,assign,releases,main,15818,False,False
_rqDragProjectId,assign,releases,main,15819,False,False
_rqDragMousedown,function,releases,main,15821,False,True
_rqDragStart,function,releases,main,15827,False,True
_rqDragEnd,function,releases,main,15838,False,True
_rqDragOver,function,releases,main,15848,False,True
_rqDragLeave,function,releases,main,15862,False,True
_rqDrop,function,releases,main,15869,False,True
renderReleaseQueue,function,releases,main,15914,False,False
mapTaskToRelease,function,releases,main,15968,False,True
unmapTaskFromRelease,function,releases,main,15990,False,True
populateReleaseFilters,function,releases,main,16008,False,False
clearReleaseFilters,function,releases,main,16038,False,True
getFilteredReleases,function,releases,main,16047,False,False
renderReleaseBoard,function,releases,main,16069,False,False
releaseCard,function,release-domain,main,16135,False,False
toggleReleaseTasks,function,releases,main,16254,False,True
confirmDeleteRelease,function,releases,main,16263,False,True
_releaseSprintOptions,function,release-domain,main,16274,False,False
_releaseOwnerOptions,function,release-domain,main,16281,False,False
_releaseProjectChanged,function,projects,main,16289,False,True
openCreateReleaseModal,function,releases,main,16297,False,True
submitCreateRelease,function,releases,main,16345,False,True
openEditReleaseModal,function,releases,main,16369,False,True
submitEditRelease,function,releases,main,16425,False,True
_searchDebounce,assign,search-widget,main,16488,False,False
SEARCH_RECENT_KEY,assign,search-widget,main,16489,False,False
MAX_RECENT,assign,search-widget,main,16490,False,False
_lastSearchKey,assign,search,main,16493,False,False
_lastSearchHTML,assign,search,main,16494,False,False
_getSearchCacheKey,function,search,main,16496,False,False
_invalidateSearchCache,function,search,main,16499,False,False
loadRecentSearches,function,search,main,16502,False,False
saveRecentSearch,function,search,main,16505,False,False
clearRecentSearches,function,search,main,16512,False,True
highlightMatch,function,utils-core,main,16518,False,False
clearSearch,function,search,main,16525,False,True
closeSearchDropdown,function,search,main,16534,False,True
openSearchDropdown,function,search,main,16543,False,False
renderRecentSearches,function,search,main,16549,False,False
applyRecentSearch,function,search,main,16575,False,True
removeRecentSearch,function,search,main,16581,False,True
performGlobalSearch,function,search,main,16588,False,False
renderSearchResultItem,function,search,main,16756,False,False
_rptToast,function,reports,main,16929,False,False
_rptExportMenuListenerAttached,assign,reports,main,16945,False,False
toggleRptExportMenu,function,reports,main,16946,False,True
_getReportExportData,function,reports,main,16963,False,False
PDF_MARGIN,assign,export-pdf,main,17096,False,False
PDF_HEADER_H,assign,export-pdf,main,17097,False,False
PDF_FOOTER_H,assign,export-pdf,main,17098,False,False
PDF_ACCENT,assign,export-pdf,main,17099,False,False
PDF_BG,assign,export-pdf,main,17100,False,False
PDF_CARD_BG,assign,export-pdf,main,17101,False,False
PDF_TEXT_DARK,assign,export-pdf,main,17102,False,False
PDF_TEXT_MID,assign,export-pdf,main,17103,False,False
PDF_TEXT_LIGHT,assign,export-pdf,main,17104,False,False
PDF_LINE_COLOR,assign,export-pdf,main,17105,False,False
PDF_CHART_SCALE,assign,export-pdf,main,17107,False,False
_pdfShowLoader,function,export-pdf,main,17111,False,False
_pdfProgress,function,export-pdf,main,17141,False,False
_pdfSetExportBtnState,function,export-pdf,main,17150,False,False
_pdfFilename,function,export-pdf,main,17162,False,False
_pdfGetFilterSummary,function,export-pdf,main,17167,False,False
_pdfContentArea,function,export-pdf,main,17195,False,False
_pdfDrawHeader,function,export-pdf,main,17211,False,False
_pdfDrawFooter,function,export-pdf,main,17265,False,False
_pdfSectionBand,function,export-pdf,main,17297,False,False
_pdfKpiCard,function,export-pdf,main,17320,False,False
_pdfKpiCardProgress,function,export-pdf,main,17358,False,False
_pdfCaptureChart,function,export-pdf,main,17397,False,False
_pdfInsertChart,function,export-pdf,main,17416,False,False
_pdfEnsureSpace,function,export-pdf,main,17431,False,False
_pdfBuildCoverPage,function,export-pdf,main,17443,False,False
_pdfBuildExecutiveSummary,function,export-pdf,main,17534,False,False
_pdfBuildSprintAnalytics,function,export-pdf,main,17668,False,False
_pdfBuildTeamProductivityCharts,function,export-pdf,main,17732,False,False
_pdfBuildMemberProductivityTable,function,export-pdf,main,17773,False,False
_pdfBuildProjectAnalytics,function,export-pdf,main,17813,False,False
_pdfBuildReleaseAnalytics,function,export-pdf,main,17876,False,False
_pdfBuildEpicAnalytics,function,export-pdf,main,17935,False,False
_pdfBuildSummaryTables,function,export-pdf,main,17994,False,False
_pdfBuildTaskList,function,export-pdf,main,18048,False,False
exportReportPDF,function,reports,main,18131,False,True
_xlShowLoader,function,export-excel,main,18321,False,False
_xlProgress,function,export-excel,main,18364,False,False
_xlSetTitle,function,export-excel,main,18374,False,False
_xlSetBtnState,function,export-excel,main,18380,False,False
_xlYield,function,export-excel,main,18389,False,False
_xlCell,function,export-excel,main,18405,False,False
_xlBuildSheet,function,export-excel,main,18420,False,False
_xlFmtDate,function,export-excel,main,18465,False,False
_xlStr,function,export-excel,main,18478,False,False
_xlLookup,function,export-excel,main,18487,False,False
_xlTaskCompletion,function,export-excel,main,18513,False,False
_xlReopenCount,function,export-excel,main,18526,False,False
_xlDevStatus,function,export-excel,main,18533,False,False
_xlQaStatus,function,export-excel,main,18544,False,False
_xlProdStatus,function,export-excel,main,18551,False,False
_xlFilename,function,export-excel,main,18558,False,False
_xlGetData,function,export-excel,main,18571,False,False
_xlSheetCover,function,export-excel,main,18615,False,False
_xlSheetSummary,function,export-excel,main,18648,False,False
_xlSheetTasks,function,export-excel,main,18708,False,False
_xlSheetSprints,function,export-excel,main,18836,False,False
_xlSheetEpics,function,export-excel,main,18883,False,False
_xlSheetReleases,function,export-excel,main,18929,False,False
_xlSheetTeam,function,export-excel,main,18975,False,False
_xlSheetProjects,function,export-excel,main,19032,False,False
_xlSheetMetrics,function,export-excel,main,19087,False,False
exportReportExcel,function,export-excel,main,19199,False,False
_expSelProjs,assign,export-shared-ui,main,19420,False,False
_expSelSprints,assign,export-shared-ui,main,19421,False,False
_expSelAssignees,assign,export-shared-ui,main,19422,False,False
openExportDateRangeModal,function,export-shared,main,19427,False,True
_expUpdateInfoText,function,export-shared-ui,main,19545,False,False
_expToggleProjDrop,function,export-shared-ui,main,19557,False,True
_expOnProjApply,function,export-shared-ui,main,19584,False,False
_expToggleSprintDrop,function,export-shared-ui,main,19606,False,True
_expPruneAssignees,function,export-shared-ui,main,19636,False,False
_expGetScopedUsers,function,export-shared-ui,main,19651,False,False
_expToggleAssigneeDrop,function,export-shared-ui,main,19677,False,True
_drFmtDate,function,delay-reports,main,19702,False,False
_openAuditExportModal,function,export-shared-ui,main,19706,False,False
drUpdateEstimate,function,delay-reports,main,19773,False,True
closeExportDateRangeModal,function,export-shared,main,19791,False,True
confirmExportDateRange,function,export-shared,main,19800,False,True
exportAuditLogs,function,export-shared-ui,main,19853,False,False
_applyExportMenuRBAC,function,rbac,main,20142,False,False
_xlGetData_orig,assign,export-excel,main,20170,False,False
_prdId,function,productivity-report,main,20178,False,False
_tagId,function,utils-core,main,20179,False,False
renderAdminConfig,function,admin-settings,main,20182,False,False
_tagColorByName,function,utils-core,main,20226,False,False
_productColorByName,function,utils-core,main,20230,False,False
_coloredChip,function,utils-core,main,20234,False,False
_renderProductsList,function,admin-settings,main,20241,False,False
_renderTagsList,function,admin-settings,main,20271,False,False
NOTIF_CLEANUP_INTERVAL_KEY,assign,notifications,main,20303,False,False
NOTIF_CLEANUP_LASTRUN_KEY,assign,notifications,main,20304,False,False
_getNotifCleanupIntervalDays,function,notif-cleanup-admin,main,20306,False,False
_getNotifCleanupLastRun,function,notif-cleanup-admin,main,20310,False,False
_setNotifCleanupLastRun,function,notif-cleanup-admin,main,20314,False,False
_renderNotifCleanupStatus,function,notif-cleanup-admin,main,20317,False,False
_formatNotifBytes,function,notif-cleanup-admin,main,20326,False,False
_setNotifScanSummary,function,notif-cleanup-admin,main,20334,False,False
_notifAutoCleanupTimer,assign,notifications,main,20343,False,False
_startNotifAutoCleanupSchedule,function,notif-cleanup-admin,main,20344,False,False
scanNotificationsDataNow,function,notifications,main,20358,False,True
setNotifCleanupInterval,function,notif-cleanup-admin,main,20383,False,True
_maybeRunNotifAutoCleanup,function,notif-cleanup-admin,main,20392,False,False
adminDeleteNotificationsNow,function,notifications,main,20407,False,True
_runNotifPurgeNow,function,notifications,main,20451,False,True
_esc,function,utils-core,main,20527,False,True
IMG_CLEANUP_LASTRUN_KEY,assign,settings,main,20546,False,False
IMG_CLEANUP_INTERVAL_KEY,assign,settings,main,20547,False,False
_getImgCleanupLastRun,function,img-cleanup-admin,main,20549,False,False
_setImgCleanupLastRun,function,img-cleanup-admin,main,20553,False,False
_getImgCleanupIntervalDays,function,img-cleanup-admin,main,20556,False,False
_renderImgCleanupStatus,function,img-cleanup-admin,main,20560,False,False
_formatImgBytes,function,img-cleanup-admin,main,20569,False,False
_setImgScanSummary,function,img-cleanup-admin,main,20575,False,False
_imgCleanupEligibleSprintIds,function,img-cleanup-admin,main,20584,False,False
_imgCleanupEligibleTaskIds,function,img-cleanup-admin,main,20609,False,False
_stripDataUriImages,function,img-cleanup-admin,main,20618,False,False
_imgCleanupPlanForTask,function,img-cleanup-admin,main,20631,False,False
_imgCleanupScanOrRun,function,img-cleanup-admin,main,20682,False,False
scanImageCleanupNow,function,settings,main,20724,False,True
adminStripImagesNow,function,settings,main,20747,False,True
_runImageStripNow,function,settings,main,20777,False,True
setImgCleanupInterval,function,img-cleanup-admin,main,20807,False,True
_maybeRunImgAutoCleanup,function,img-cleanup-admin,main,20818,False,False
_imgAutoCleanupTimer,assign,img-cleanup-admin,main,20842,False,False
_startImgAutoCleanupSchedule,function,img-cleanup-admin,main,20843,False,False
_projectMultiSelectHTML,function,productivity-report,main,20857,False,False
_collectCheckedProjects,function,admin-settings,main,20873,False,False
_saveAdminConfig,function,admin-settings,main,20880,False,False
_fbSaveProduct,function,admin-settings,main,20884,False,False
_fbDeleteProduct,function,admin-settings,main,20891,False,False
_fbSaveTag,function,admin-settings,main,20898,False,False
_fbDeleteTag,function,admin-settings,main,20905,False,False
openProductModal,function,settings,main,20914,False,True
saveProduct,function,settings,main,20971,False,True
deleteProduct,function,settings,main,20998,False,True
openTagModal,function,settings,main,21009,False,True
saveTag,function,settings,main,21065,False,True
deleteTag,function,settings,main,21092,False,True
_themeId,function,utils-core,main,21102,False,False
_renderThemesList,function,admin-settings,main,21104,False,False
_fbSaveTheme,function,admin-settings,main,21134,False,False
_fbDeleteTheme,function,admin-settings,main,21141,False,False
openThemeModal,function,settings,main,21148,False,True
saveTheme,function,settings,main,21204,False,True
deleteTheme,function,settings,main,21231,False,True
_xlGetDataWithFilters,function,export-excel,main,21248,False,False
NotificationSystem,iife,notifications,notification-system,21364,True,False
NotificationTriggers,iife,notifications,notification-system,22263,True,False
ReminderEngine,iife,notifications,reminder-engine,22459,True,False
NotificationUI,iife,notifications,notification-ui,22544,True,False
RetroManager,iife,retrospectives,retro-manager-and-release-reports,23161,False,False
_populateRetroProjectFilter,function,projects,retro-manager-and-release-reports,23370,False,False
_populateRetroSprintFilter,function,release-reports-extra,retro-manager-and-release-reports,23388,False,False
_onRetroProjectFilterChange,function,retrospectives,retro-manager-and-release-reports,23426,False,True
renderRetrospectives,function,retrospectives,retro-manager-and-release-reports,23432,False,True
_escHtml,function,utils-core,retro-manager-and-release-reports,23536,False,False
_escAttr,function,utils-core,retro-manager-and-release-reports,23539,False,True
openRetroAddEntry,function,retrospectives,retro-manager-and-release-reports,23544,False,True
_submitRetroEntry,function,retrospectives,retro-manager-and-release-reports,23578,False,True
confirmDeleteRetro,function,retrospectives,retro-manager-and-release-reports,23591,False,True
_rrInitialized,assign,retrospectives,retro-manager-and-release-reports,23611,False,False
_rrGetSelectedProjects,function,retrospectives,retro-manager-and-release-reports,23614,False,False
_rrGetSelectedSprints,function,retrospectives,retro-manager-and-release-reports,23615,False,False
_rrPopulateProjectSel,function,retrospectives,retro-manager-and-release-reports,23618,False,False
_rrPopulateSprintSel,function,retrospectives,retro-manager-and-release-reports,23619,False,False
_rrOnProjectChange,function,retrospectives,retro-manager-and-release-reports,23622,False,False
_rrFilterTimer,assign,retrospectives,retro-manager-and-release-reports,23625,False,False
_debouncedRenderReleaseReports,function,main-bootstrap,retro-manager-and-release-reports,23626,False,False
_rrResetFilters,function,retrospectives,retro-manager-and-release-reports,23632,False,False
_rrDatePreset,assign,retrospectives,retro-manager-and-release-reports,23644,False,False
_rrDateRangeStart,assign,retrospectives,retro-manager-and-release-reports,23645,False,False
_rrDateRangeEnd,assign,retrospectives,retro-manager-and-release-reports,23646,False,False
_rrComputeDateRange,function,retrospectives,retro-manager-and-release-reports,23649,False,False
_rrOnDatePreset,function,retrospectives,retro-manager-and-release-reports,23670,False,True
_rrOnCustomDate,function,retrospectives,retro-manager-and-release-reports,23691,False,True
_rrUpdateDateChip,function,retrospectives,retro-manager-and-release-reports,23704,False,False
_rrClearDateFilter,function,retrospectives,retro-manager-and-release-reports,23727,False,True
_getReleaseReportsData,function,release-reports-extra,retro-manager-and-release-reports,23740,False,False
_rrSprintSpillover,function,retrospectives,retro-manager-and-release-reports,23809,False,False
renderReleaseReports,function,release-reports,retro-manager-and-release-reports,23832,False,True
_renderRRThemeAnalysis,function,release-reports-extra,retro-manager-and-release-reports,23968,False,False
_renderRRReleaseNotes,function,releases,retro-manager-and-release-reports,24121,False,False
exportReleaseReportsPDF,function,release-reports,retro-manager-and-release-reports,24189,False,True
_sfMsDrop,iife,export-shared,shared-multiselect-and-more,24451,False,False
_rptSelProjs,assign,reports,shared-multiselect-and-more,24586,False,False
_rptSelSprints,assign,reports,shared-multiselect-and-more,24587,False,False
_rptGetProjIds,function,reports,shared-multiselect-and-more,24590,False,False
_rptGetSprintIds,function,reports,shared-multiselect-and-more,24592,False,False
_rptToggleProjDrop,function,reports,shared-multiselect-and-more,24595,False,True
_rptToggleSprintDrop,function,reports,shared-multiselect-and-more,24620,False,True
_rptOnProjApply,function,reports,shared-multiselect-and-more,24646,False,False
_rrSelProjs2,assign,retrospectives,shared-multiselect-and-more,24670,False,False
_rrSelSprints2,assign,retrospectives,shared-multiselect-and-more,24671,False,False
_rrToggleProjDrop,function,retrospectives,shared-multiselect-and-more,24674,False,True
_rrToggleSprintDrop,function,retrospectives,shared-multiselect-and-more,24699,False,True
_rrOnProjApply2,function,retrospectives,shared-multiselect-and-more,24725,False,False
_drSelProjs,assign,delay-reports,shared-multiselect-and-more,24775,False,False
_drSelSprints,assign,delay-reports,shared-multiselect-and-more,24776,False,False
_drAdvFilters,assign,delay-reports,shared-multiselect-and-more,24777,False,False
_drGetProjIds,function,delay-reports,shared-multiselect-and-more,24779,False,False
_drGetSprintIds,function,delay-reports,shared-multiselect-and-more,24780,False,False
_drToggleProjDrop,function,delay-reports,shared-multiselect-and-more,24783,False,True
_drToggleSprintDrop,function,delay-reports,shared-multiselect-and-more,24808,False,True
_drOnProjApply,function,delay-reports,shared-multiselect-and-more,24834,False,False
toggleDrFilterPanel,function,delay-reports,shared-multiselect-and-more,24854,False,True
_drPopulateAdvFilters,function,delay-reports,shared-multiselect-and-more,24859,False,False
applyDrAdvFilters,function,delay-reports,shared-multiselect-and-more,24875,False,True
resetDrAdvFilters,function,delay-reports,shared-multiselect-and-more,24883,False,True
_drDatePreset,assign,delay-reports,shared-multiselect-and-more,24892,False,False
_drDateRangeStart,assign,delay-reports,shared-multiselect-and-more,24893,False,False
_drDateRangeEnd,assign,delay-reports,shared-multiselect-and-more,24894,False,False
_drComputeDateRange,function,delay-reports,shared-multiselect-and-more,24895,False,False
_drOnDatePreset,function,delay-reports,shared-multiselect-and-more,24913,False,True
_drOnCustomDate,function,delay-reports,shared-multiselect-and-more,24927,False,True
_drUpdateDateChip,function,delay-reports,shared-multiselect-and-more,24937,False,False
_drClearDateFilter,function,delay-reports,shared-multiselect-and-more,24954,False,True
_drFilterTimer,assign,delay-reports,shared-multiselect-and-more,24964,False,False
_debouncedRenderDelayReports,function,delay-reports,shared-multiselect-and-more,24965,False,False
_drClearAllFilters,function,delay-reports,shared-multiselect-and-more,24970,False,True
_drDrillProject,function,delay-reports,shared-multiselect-and-more,24981,False,True
_drDrillEpic,function,delay-reports,shared-multiselect-and-more,24987,False,True
_drDrillSprint,function,delay-reports,shared-multiselect-and-more,24992,False,True
_drDrillAssignee,function,delay-reports,shared-multiselect-and-more,24998,False,True
_drOpenItem,function,delay-reports,shared-multiselect-and-more,25004,False,True
_drDueDateStr,function,delay-reports,shared-multiselect-and-more,25011,False,False
_drIsDone,function,delay-reports,shared-multiselect-and-more,25016,False,False
_drComputeDelay,function,delay-reports,shared-multiselect-and-more,25024,False,False
_drIsCardDelayed,function,delay-reports,shared-multiselect-and-more,25062,False,False
_getDelayReportsData,function,delay-reports,shared-multiselect-and-more,25077,False,False
_drComputeKpis,function,delay-reports,shared-multiselect-and-more,25149,False,False
_DR_KIND_LABELS,assign,delay-reports,shared-multiselect-and-more,25167,False,False
_DR_KIND_COLORS,assign,delay-reports,shared-multiselect-and-more,25168,False,False
_drDestroyChart,function,delay-reports,shared-multiselect-and-more,25171,False,False
_drRenderCharts,function,delay-reports,shared-multiselect-and-more,25175,False,False
_drRenderTables,function,delay-reports,shared-multiselect-and-more,25315,False,False
renderDelayReports,function,delay-reports,shared-multiselect-and-more,25440,False,True
_drGetFilterSummary,function,delay-reports,shared-multiselect-and-more,25478,False,False
exportDelayReportsPDF,function,delay-reports,shared-multiselect-and-more,25493,False,True
_prSelProjs,assign,productivity-report,shared-multiselect-and-more,25562,False,False
_prSelAssignees,assign,productivity-report,shared-multiselect-and-more,25563,False,False
_prDatePreset,assign,productivity-report,shared-multiselect-and-more,25564,False,False
_prDateStart,assign,productivity-report,shared-multiselect-and-more,25565,False,False
_prDateEnd,assign,productivity-report,shared-multiselect-and-more,25566,False,False
_prComputeDateRange,function,productivity-report,shared-multiselect-and-more,25569,False,False
_prOnDatePreset,function,productivity-report,shared-multiselect-and-more,25592,False,True
_prOnCustomDate,function,productivity-report,shared-multiselect-and-more,25607,False,True
_prClearDateFilter,function,productivity-report,shared-multiselect-and-more,25617,False,True
_prUpdateDateChip,function,productivity-report,shared-multiselect-and-more,25628,False,False
_prToggleProjDrop,function,productivity-report,shared-multiselect-and-more,25649,False,True
_prToggleAssigneeDrop,function,productivity-report,shared-multiselect-and-more,25671,False,True
_prGetFilteredSprintIds,function,productivity-report,shared-multiselect-and-more,25700,False,False
_PR_RELEASED_STATUSES,assign,productivity-report,shared-multiselect-and-more,25717,False,False
_PR_DONE_STATUSES,assign,productivity-report,shared-multiselect-and-more,25719,False,False
_PR_ACTIVE_STATUSES,assign,productivity-report,shared-multiselect-and-more,25721,False,False
_prCalcScore,function,productivity-report,shared-multiselect-and-more,25723,False,False
_prScoreBadge,function,productivity-report,shared-multiselect-and-more,25734,False,False
_prUtilLabel,function,productivity-report,shared-multiselect-and-more,25740,False,False
_prTopPerformerScore,function,productivity-report,shared-multiselect-and-more,25747,False,False
_prBuildUserMetrics,function,productivity-report,shared-multiselect-and-more,25753,False,False
renderProductivityReport,function,productivity-report,shared-multiselect-and-more,25851,False,True
_prDebounceTimer,assign,productivity-report,shared-multiselect-and-more,25856,False,False
_prDebounced,function,productivity-report,shared-multiselect-and-more,25857,False,False
_renderProductivityReport,function,productivity-report,shared-multiselect-and-more,25859,False,False
exportProductivityPDF,function,productivity-report,shared-multiselect-and-more,26175,False,True
_erEpicProjectIds,function,epic-reports,epic-reports-tail,26403,False,False
_erEpicProjectNames,function,epic-reports,epic-reports-tail,26406,False,False
_erGetScopedEpics,function,epic-reports,epic-reports-tail,26413,False,False
_erPopulateFilters,function,epic-reports,epic-reports-tail,26424,False,False
_erOnProjectChange,function,epic-reports,epic-reports-tail,26442,False,True
_erOnEpicChange,function,epic-reports,epic-reports-tail,26446,False,True
_erSelectEpic,function,epic-reports,epic-reports-tail,26450,False,True
_erFilterTimer,assign,epic-reports,epic-reports-tail,26456,False,False
_debouncedRenderEpicReports,function,epic-reports,epic-reports-tail,26457,False,False
_getEpicReportsData,function,epic-reports,epic-reports-tail,26463,False,False
_erEpicMetrics,function,epic-reports,epic-reports-tail,26474,False,False
_ER_STATUS_COLORS,assign,epic-reports,epic-reports-tail,26486,False,False
_erStatusColor,function,epic-reports,epic-reports-tail,26491,False,False
_erDestroyChart,function,epic-reports,epic-reports-tail,26494,False,False
_erRenderOverviewCharts,function,epic-reports,epic-reports-tail,26499,False,False
_erRenderEpicDetailCharts,function,epic-reports,epic-reports-tail,26614,False,False
renderEpicReports,function,epic-reports,epic-reports-tail,26659,False,True
exportEpicReportsPDF,function,epic-reports,epic-reports-tail,26820,False,True
exportEpicReportsExcel,function,epic-reports,epic-reports-tail,26987,False,True
